Year,Consumer Price Index,Belt and Road Initiative,GDP Growth Rate,Unemployment Rate,Broad Money Growth Rate,Per Capita GNI Growth Rate,Belt and Road Initiative Country,Country
1995,74.07978637,0,10.95395434,3,29.4610222,3,1,1
1996,80.23815776,0,9.922556753,3.12,25.2731568,3.12,1,1
1997,82.47396598,0,9.236779892,3.23,20.72731167,3.23,1,1
1998,81.83628882,0,7.845951787,3.24,14.90435007,3.24,1,1
1999,80.68937558,0,7.6616515,3.25,14.66647771,3.25,1,1
2000,80.97002229,0,8.490093406,3.26,12.32478198,3.26,1,1
2001,81.55229846,0,8.335733478,3.8,15.04241351,3.8,1,1
2002,80.95535936,0,9.13363079,4.24,13.14043628,4.24,1,1
2003,81.86821482,0,10.03803048,4.58,19.23976666,4.58,1,1
2004,84.9993772,0,10.11362138,4.49,14.88692014,4.49,1,1
2005,86.50931811,0,11.39459181,4.52,16.7416524,4.52,1,1
2006,87.93622961,0,12.72095567,4.43,22.11611885,4.43,1,1
2007,92.17191349,0,14.23086093,4.35,16.73553458,4.35,1,1
2008,97.63333106,0,9.650678919,4.59,17.77810755,4.59,1,1
2009,96.92239907,0,9.398725633,4.72,28.42327787,4.72,1,1
2010,100,0,10.63587106,4.53,18.94831461,4.53,1,1
2011,105.5538989,0,9.550832179,4.55,17.32296979,4.55,1,1
2012,108.318909,0,7.863736449,4.58,14.39165202,4.58,1,1
2013,111.1580018,1,7.766150098,4.6,13.58890221,4.6,1,1
2014,113.2940602,1,7.425763656,4.63,11.01193614,4.63,1,1
2015,114.9221228,1,7.041328879,4.65,13.34310169,4.65,1,1
2016,117.2205674,1,6.848762205,4.56,11.33311895,4.56,1,1
2017,119.0880504,1,6.947200793,4.47,8.109777962,4.47,1,1
2018,121.5588779,1,6.749773832,4.31,6.991061694,4.31,1,1
2019,125.0831544,1,5.950500754,4.56,8.88227906,4.56,1,1
2020,128.1094436,1,2.238638356,5,10.01356231,5,1,1
2021,129.3662166,1,8.448469417,4.55,9.075745734,4.55,1,1
2022,131.9193567,1,2.989084086,4.98,11.66330022,4.98,1,1
2023,132.2291519,1,5.2,4.67,9.848834535,4.67,1,1
1995,30.58593146,0,4.962609146,0.596,13.80979579,0.596,1,2
1996,33.75885744,0,4.846581287,0.591,20.06856105,0.591,1,2
1997,37.59909387,0,1.014396011,0.596,19.91179679,0.596,1,2
1998,39.940767,0,2.550234298,0.6,7.859379338,0.6,1,2
1999,41.59536806,0,3.660132739,0.602,4.314225268,0.602,1,2
2000,43.41169823,0,4.260088011,0.597,12.12515822,0.597,1,2
2001,44.77841199,0,3.651350171,0.595,14.43024739,0.595,1,2
2002,46.25177611,0,2.594816684,0.597,17.61644821,0.597,1,2
2003,47.59961517,0,5.401310873,0.595,17.85794432,0.595,1,2
2004,51.14322787,0,7.83125557,0.588,18.89539952,0.588,1,2
2005,55.77850604,0,7.276574436,0.582,16.37287366,0.582,1,2
2006,60.19676858,0,6.051637676,0.582,42.90887402,0.582,1,2
2007,64.77093105,0,4.44481434,0.398,17.4383547,0.398,1,2
2008,77.91044056,0,2.120441043,0.423,6.524702142,0.423,1,2
2009,88.54347445,0,3.472550596,0.535,17.61005693,0.535,1,2
2010,100,0,1.501717522,0.653,14.56581582,0.653,1,2
2011,111.9160927,0,2.680116854,0.796,12.60262183,0.796,1,2
2012,122.7522026,0,3.027583911,3.667,17.39501992,3.667,1,2
2013,132.1944937,1,4.36686505,2.954,13.31564762,2.954,1,2
2014,141.6984635,1,4.116428172,1.827,11.54371484,1.827,1,2
2015,145.2824826,1,4.217942096,3.566,12.18098004,3.566,1,2
2016,150.7525412,1,6.573838285,2.286,13.61604898,2.286,1,2
2017,156.9113459,1,4.432625907,3.193,9.931321497,3.193,1,2
2018,164.8793939,1,6.151702611,4.083,9.834391659,4.083,1,2
2019,182.3209327,1,2.497636929,4.83,11.67302963,4.83,1,2
2020,200.078979,1,-1.274087443,6.162,15.63270855,6.162,1,2
2021,219.0789001,1,6.513885759,6.338,10.41935806,6.338,1,2
2022,262.618334,1,4.767539531,5.548,7.411518601,5.548,1,2
2023,343.4210793,1,-0.004855269,5.499,16.25306318,5.499,1,2
1995,23.62196755,0,5.500085234,12.27,35.83221248,12.27,1,3
1996,27.38632438,0,3.799967206,11.35,11.26041033,11.35,1,3
1997,30.0082079,0,6.405399696,10.6,15.59372249,10.6,1,3
1998,32.81824941,0,4.698423048,9.17,13.20863457,9.17,1,3
1999,34.35798506,0,4.300540498,8.88,13.38956762,8.88,1,3
2000,36.48002902,0,6.000033158,7.74,12.86480404,7.74,1,3
2001,41.6450378,0,-1.545408134,7.9,13.59213721,7.9,1,3
2002,45.62256855,0,3.964675685,8.76,13.35752438,8.76,1,3
2003,48.50346854,0,5.940269078,8.22,15.318795,8.22,1,3
2004,52.17805534,0,5.445061279,8.38,19.61481337,8.38,1,3
2005,58.2514172,0,6.241748044,7.67,19.05680244,7.67,1,3
2006,64.08831615,0,7.668291901,6.5,17.83062851,6.5,1,3
2007,74.24125865,0,6.796826119,5.97,16.56013421,5.97,1,3
2008,90.99342414,0,5.950088145,5.22,8.457511306,5.22,1,3
2009,94.14631282,0,3.538912053,5.85,18.61006196,5.85,1,3
2010,100,0,8.01596737,4.784,15.79355064,4.784,1,3
2011,106.7167684,0,8.669483012,4.118,49.98321853,4.118,1,3
2012,114.7663222,0,8.63218138,3.88,17.62773614,3.88,1,3
2013,122.6948966,1,4.051746329,4.186,16.22853388,4.186,1,3
2014,126.5953702,1,6.377978893,4.157,14.50669809,4.157,1,3
2015,131.3659494,1,4.205955476,4.519,17.03489287,4.519,1,3
2016,136.5665808,1,5.053624893,4.243,16.18613223,4.243,1,3
2017,147.0878582,1,6.460681271,4.046,17.40450491,4.046,1,3
2018,150.2282395,1,2.310084252,4.318,11.41044894,4.318,1,3
2019,155.528883,1,-0.220483886,4.67,8.323544318,4.67,1,3
2020,165.1000451,1,-4.624515816,5.365,15.93294532,5.365,1,3
2021,176.6814512,1,4.207485977,5.258,24.32648479,5.258,1,3
2022,264.529416,1,-7.346764384,6.33,16.81733762,6.33,1,3
2023,308.2856876,1,-2.298045112,6.36,-1.716526626,6.36,1,3
1995,20.40433873,0,-8.200000001,10.98,108.2104769,10.98,1,4
1996,28.3992774,0,0.500000002,12.96,20.85904458,12.96,1,4
1997,33.34303527,0,1.699999999,13.01,24.05628962,13.01,1,4
1998,35.72583748,0,-1.899999999,13.13,-14.13291825,13.13,1,4
1999,38.68966284,0,2.699999998,13.46,84.3701008,13.46,1,4
2000,43.78930497,0,9.800000002,12.75,44.95936363,12.75,1,4
2001,47.44752383,0,13.5,10.43,40.20280192,10.43,1,4
2002,50.21699998,0,9.8,9.33,30.05576382,9.33,1,4
2003,53.45007997,0,9.3,8.78,34.23353023,8.78,1,4
2004,57.12854354,0,9.600000001,8.4,69.80872921,8.4,1,4
2005,61.45888674,0,9.699999999,8.13,25.16387426,8.13,1,4
2006,66.81914269,0,10.7,7.79,78.06007717,7.79,1,4
2007,74.06690565,0,8.9,7.26,25.89402357,7.26,1,4
2008,86.76189905,0,3.3,6.63,35.36569818,6.63,1,4
2009,93.10946776,0,1.199999999,6.55,19.46809639,6.55,1,4
2010,100,0,7.300000003,5.77,13.29614151,5.77,1,4
2011,108.4529047,0,7.400000001,5.39,14.96443237,5.39,1,4
2012,114.0877745,0,4.799999995,5.29,7.901539797,5.29,1,4
2013,120.867827,1,5.999999997,5.2,10.21880444,5.2,1,4
2014,129.1466081,1,4.200000006,5.06,10.37562541,5.06,1,4
2015,137.7713877,1,1.200000001,4.93,33.78026744,4.93,1,4
2016,157.5568666,1,1.099999999,4.96,15.60630936,4.96,1,4
2017,169.2832935,1,4.100000003,4.9,-1.728715085,4.9,1,4
2018,179.7173443,1,4.099999993,4.85,6.974804614,4.85,1,4
2019,189.3026785,1,4.500000001,4.8,2.44409671,4.8,1,4
2020,202.020325,1,-2.499999996,4.89,16.86381431,4.89,1,4
2021,218.2657316,1,4.299999997,5.556,20.79440859,5.556,1,4
2022,251.0664098,1,3.2,4.86,13.94273389,4.86,1,4
2023,288.0359136,1,5.1,4.847,11.67956185,4.847,1,4
1995,19.38786131,0,8.220007399,4.611,27.52371988,4.611,1,5
1996,20.93370995,0,7.818187077,4.861,27.08068234,4.861,1,5
1997,22.23707238,0,4.699878854,4.684,25.25487206,4.684,1,5
1998,35.23487344,0,-13.12672549,5.459,62.76287041,5.459,1,5
1999,42.45021132,0,0.791126083,6.358,12.2333155,6.358,1,5
2000,44.01603795,0,4.920067748,6.078,16.62313054,6.078,1,5
2001,49.07793288,0,3.643466448,6.082,11.8708384,6.082,1,5
2002,54.91826459,0,4.499475389,6.604,4.757902316,6.604,1,5
2003,58.62926593,0,4.780369124,6.658,7.937719864,6.658,1,5
2004,62.18457972,0,5.030873945,7.303,9.143972513,7.303,1,5
2005,68.68485723,0,5.692571303,7.945,16.33516391,7.945,1,5
2006,77.68852994,0,5.500951785,7.551,14.94318875,7.551,1,5
2007,82.66569441,0,6.345022228,8.06,19.32512102,8.06,1,5
2008,91.11963768,0,6.013703599,7.209,14.92286733,7.209,1,5
2009,95.11652363,0,4.628871183,6.106,12.95179644,6.106,1,5
2010,100,0,6.22385418,5.614,15.40228777,5.614,1,5
2011,105.3560478,0,6.169784208,5.153,16.42978385,5.153,1,5
2012,109.8647599,0,6.030050653,4.468,14.95499248,4.468,1,5
2013,116.9098522,1,5.557263689,4.336,12.77969794,4.336,1,5
2014,124.38615,1,5.006668426,4.049,11.87951936,4.049,1,5
2015,132.3009914,1,4.8763223,4.514,8.996990076,4.514,1,5
2016,136.9656666,1,5.033069183,4.301,10.02849882,4.301,1,5
2017,142.1824123,1,5.069785901,3.783,8.275528079,3.783,1,5
2018,146.7298984,1,5.17429154,4.387,6.290289124,4.387,1,5
2019,151.1766751,1,5.01928768,3.59,6.540404881,3.59,1,5
2020,154.0807306,1,-2.065511829,4.255,12.53366087,4.255,1,5
2021,156.4845902,1,3.702885628,3.827,13.96643547,3.827,1,5
2022,163.0717524,1,5.307419348,3.462,8.354912554,3.462,1,5
2023,169.0567,1,5.048105771,3.417,3.500327529,3.417,1,5
1995,69.01064107,0,9.829085197,3.15,18.52547412,3.15,1,6
1996,71.41811832,0,10.00270069,2.52,18.48469865,2.52,1,6
1997,73.31963614,0,7.32274185,2.45,16.03559651,2.45,1,6
1998,77.18383172,0,-7.359415188,3.2,0.229557897,3.2,1,6
1999,79.3021893,0,6.137612011,3.43,12.09886722,3.43,1,6
2000,80.51927191,0,8.85886817,3,10.04776511,3,1,6
2001,81.66005666,0,0.517675319,3.53,11.63591058,3.53,1,6
2002,83.13636633,0,5.390988307,3.48,4.484024329,3.48,1,6
2003,84.04228364,0,5.788499286,3.61,8.62717994,3.61,1,6
2004,85.23675238,0,6.783437724,3.54,12.68710273,3.54,1,6
2005,87.77260621,0,5.332139161,3.53,8.79316995,3.53,1,6
2006,90.9405264,0,5.584847067,3.32,13.63100781,3.32,1,6
2007,92.78421205,0,6.298785927,3.23,7.922535768,3.23,1,6
2008,97.83239896,0,4.831769889,3.32,10.53542511,3.32,1,6
2009,98.40306356,0,-1.513528716,3.66,7.739928126,3.66,1,6
2010,100,0,7.424847383,3.39,7.347736051,3.39,1,6
2011,103.1744709,0,5.293912834,3.05,14.62793829,3.05,1,6
2012,104.8908515,0,5.473454193,3.1,8.846019729,3.1,1,6
2013,107.0988169,1,4.693722526,3.16,7.397400682,3.16,1,6
2014,110.4649225,1,6.006721946,2.88,6.304048086,2.88,1,6
2015,112.7895351,1,5.091532422,3.1,3.043535132,3.1,1,6
2016,115.1474754,1,4.449781398,3.44,2.801133603,3.44,1,6
2017,119.6050658,1,5.81272241,3.41,4.644639093,3.41,1,6
2018,120.6632228,1,4.843086976,3.3,7.68802392,3.3,1,6
2019,121.4630895,1,4.413187421,3.26,2.674720321,3.26,1,6
2020,120.0799867,1,-5.456846584,4.54,4.593247706,4.54,1,6
2021,123.0544909,1,3.297641008,4.64,5.559034094,4.64,1,6
2022,127.2121313,1,8.650344224,3.93,3.997015342,3.93,1,6
2023,130.3782703,1,3.680282186,3.855,5.832085657,3.855,1,6
1995,1.303747898,0,7.878266876,7.644,104.1895754,7.644,1,8
1996,2.352119628,0,7.379664474,6.629,116.5397528,6.629,1,8
1997,4.367165499,0,7.577663644,6.841,97.79596298,6.841,1,8
1998,8.063593049,0,2.404150257,6.888,89.31653727,6.888,1,8
1999,13.29424327,0,-3.263168406,7.687,101.9909036,7.687,1,8
2000,20.59482623,0,6.933239705,6.495,40.65796037,6.495,1,8
2001,31.79845058,0,-5.750006555,8.381,90.36813458,8.381,1,8
2002,46.09634436,0,6.447722047,10.358,27.88545484,10.358,1,8
2003,56.05427877,0,5.763206067,10.542,14.43683139,10.542,1,8
2004,60.87397235,0,9.795936389,10.838,20.7916923,10.838,1,8
2005,65.85295217,0,8.992304936,10.636,35.9674536,10.636,1,8
2006,72.17301943,0,6.947988086,10.227,22.17427552,10.227,1,8
2007,78.49261958,0,5.043507932,10.285,15.22566678,10.285,1,8
2008,86.69048954,0,0.815024573,10.965,24.82368926,10.965,1,8
2009,92.10949178,0,-4.823153953,14.026,12.65944754,14.026,1,8
2010,100,0,8.427104323,11.879,18.54685909,11.879,1,8
2011,106.4718797,0,11.20011058,9.789,15.20402661,9.789,1,8
2012,115.9389013,0,4.788492711,9.21,10.42227468,9.21,1,8
2013,124.6263079,1,8.485816997,9.713,21.15282176,9.713,1,8
2014,135.661435,1,4.939715161,9.901,11.18342526,9.901,1,8
2015,146.0678251,1,6.084486904,10.304,16.51465581,10.304,1,8
2016,157.4247945,1,3.323084208,10.899,17.64878823,10.899,1,8
2017,174.9687033,1,7.501997489,10.919,16.35192242,10.919,1,8
2018,203.5454036,1,3.013179908,10.956,18.38002716,10.956,1,8
2019,234.4371263,1,0.818525936,13.73,27.0230865,13.73,1,8
2020,263.2235613,1,1.85983969,13.148,34.24288532,13.148,1,8
2021,314.8061472,1,11.43938474,11.969,52.51794426,11.969,1,8
2022,542.4388079,1,5.533469266,10.432,60.33932726,10.432,1,8
2023,834.5931428,1,4.516866508,9.412,69.93635189,9.412,1,8
1995,77.90775834,0,0.212057212,6.44,3.356599707,6.44,1,9
1996,78.8598456,0,2.637412353,5.845,7.25699192,5.845,1,9
1997,78.90491771,0,1.103763932,5.322,5.210444059,5.322,1,9
1998,78.61196763,0,2.893346235,4.769,3.631034641,4.769,1,9
1999,77.5634699,0,-3.763253451,4.346,6.833958016,4.346,1,9
2000,76.69088491,0,5.625413167,4.57,4.465956135,4.57,1,9
2001,75.83122244,0,-1.210764804,4.618,5.087299207,4.618,1,9
2002,76.018667,0,-2.819183548,5.265,15.19838562,5.265,1,9
2003,76.48404902,0,11.24206806,5.563,8.492344713,5.563,1,9
2004,76.87832947,0,7.95846632,5.822,17.25198843,5.822,1,9
2005,77.24675379,0,5.573833722,6.051,13.24101079,6.051,1,9
2006,78.95315318,0,2.788405973,6.254,20.40839065,6.254,1,9
2007,82.2437811,0,1.847134992,5.734,20.14137457,5.734,1,9
2008,90.36144618,0,6.249753356,5.085,17.95966956,5.085,1,9
2009,94.93122616,0,-2.059263913,5.377,10.81024173,5.377,1,9
2010,100,0,5.039507572,5.55,5.172335088,5.55,1,9
2011,105.8262161,0,10.99376168,5.77,13.26044798,5.77,1,9
2012,108.85948,0,5.408916078,5.622,16.48947816,5.622,1,9
2013,112.704968,1,2.534778271,5.6,8.351987222,5.6,1,9
2014,115.2253783,1,3.811422791,5.877,11.82326158,5.877,1,9
2015,116.6150807,1,4.509059063,5.6,2.904804813,5.6,1,9
2016,119.0276606,1,1.884492736,5.6,0.547707245,5.6,1,9
2017,118.0299772,1,0.911048656,5.89,0.150853086,5.89,1,9
2018,120.9313211,1,3.19922678,6.029,7.113931841,6.029,1,9
2019,118.3998255,1,1.09773375,5.636,10.9475815,5.636,1,9
2020,122.479242,1,-3.581534863,7.45,10.31221291,7.45,1,9
2021,126.2311363,1,5.07511035,6.621,8.683288223,6.621,1,9
2022,129.3541876,1,7.485984291,5.589,9.133878256,5.589,1,9
2023,132.3643698,1,-0.754914811,4.88,8.953603884,4.88,1,9
1995,36.55931368,0,4.642458772,11.04,9.896515195,11.04,1,10
1996,39.18686946,0,4.988730565,9,10.83590399,9,1,10
1997,40.99949956,0,5.492354743,8.37,10.77196396,8.37,1,10
1998,42.58723612,0,5.575497461,8.03,10.77640971,8.03,1,10
1999,43.89870969,0,6.053438785,7.95,5.663641739,7.95,1,10
2000,45.07686561,0,6.37000383,8.98,11.58132166,8.98,1,10
2001,46.10000101,0,3.535251974,9.26,13.21525123,9.26,1,10
2002,47.36186801,0,2.390204027,10.01,12.63037204,10.01,1,10
2003,49.4968351,0,3.193454738,10.91,21.27975962,10.91,1,10
2004,55.07543497,0,4.09207161,10.32,16.23925111,10.32,1,10
2005,57.75727653,0,4.471744471,11.049,11.48935434,11.049,1,10
2006,62.17254681,0,6.843838194,10.49,10.4532,10.49,1,10
2007,67.96638721,0,7.087827427,8.8,19.11424882,8.8,1,10
2008,80.41567596,0,7.156283567,8.517,10.48289527,8.517,1,10
2009,89.87537033,0,4.6735998,9.087,9.472592098,9.087,1,10
2010,100,0,5.147234857,8.757,12.41851334,8.757,1,10
2011,110.064926,0,1.764571948,11.849,6.664885736,11.849,1,10
2012,117.8924457,0,2.226199798,12.597,12.34730479,12.597,1,10
2013,129.05653,1,2.185466054,13.154,18.89071658,13.154,1,10
2014,142.0528007,1,2.915911881,13.105,15.76638521,13.105,1,10
2015,156.7843726,1,4.372019078,13.052,18.60496444,13.052,1,10
2016,178.4419485,1,4.346643456,12.45,39.50914199,12.45,1,10
2017,231.0941154,1,4.181221,11.767,20.4504937,11.767,1,10
2018,264.3750554,1,5.331108619,9.855,13.30213982,9.855,1,10
2019,288.5727744,1,5.552093071,7.851,13.27851085,7.851,1,10
2020,303.1310772,1,3.550164839,7.974,19.7057864,7.974,1,10
2021,318.9364813,1,3.290646012,7.441,18.33390897,7.441,1,10
2022,363.2548135,1,6.587845609,7.344,27.13697496,7.344,1,10
2023,486.3428945,1,3.759005419,7.306,19.92307108,7.306,1,10
1995,25.31328958,0,4.406216525,2.847,29.00047809,2.847,1,11
1996,27.55708169,0,4.146839269,2.777,25.32505646,2.777,1,11
1997,30.68807461,0,0.474901921,2.819,20.19466305,2.819,1,11
1998,32.75106095,0,3.290213722,2.841,2.931251626,2.841,1,11
1999,34.63162722,0,2.305388595,2.877,6.487695196,2.877,1,11
2000,38.08787233,0,0.599695391,2.876,4.907897731,2.876,1,11
2001,40.27358227,0,3.779906498,2.868,5.640363014,2.868,1,11
2002,41.06347134,0,0.54685953,2.903,9.88881026,2.903,1,11
2003,45.09413465,0,2.932475546,2.86,11.78729924,2.86,1,11
2004,50.33589289,0,5.104299776,2.836,13.47166399,2.836,1,11
2005,55.52692196,0,5.90666608,2.739,9.908371574,2.739,1,11
2006,63.55263568,0,6.4724943,2.678,16.97190638,2.678,1,11
2007,69.75466128,0,6.85072977,2.65,20.42304518,2.65,1,11
2008,88.0581565,0,0.232282745,2.752,15.5488382,2.752,1,11
2009,96.18955755,0,3.306939816,2.813,16.45732295,2.813,1,11
2010,100,0,8.058473603,2.793,22.3616747,2.793,1,11
2011,114.0224913,0,5.12110612,2.706,19.15205419,2.706,1,11
2012,124.7152583,0,4.568679614,2.686,14.39232274,2.686,1,11
2013,131.8458452,1,3.797848393,2.764,15.27832513,2.764,1,11
2014,140.9144068,1,5.020111002,2.768,26.52126265,2.768,1,11
2015,150.1896105,1,4.967721128,2.763,16.0698099,2.763,1,11
2016,159.647425,1,4.213517068,2.757,3.890410344,2.757,1,11
2017,172.4282386,1,3.837958174,3.54,9.008327563,3.54,1,11
2018,180.5147893,1,5.647946407,4.284,10.12298105,4.284,1,11
2019,189.9731107,1,5.114158858,5.014,6.017497589,5.014,1,11
2020,200.2414652,1,-0.272766327,5.621,13.27328449,5.621,1,11
2021,212.4720858,1,7.590489473,5.693,6.218815716,5.693,1,11
2022,228.7471558,1,4.846634856,5.805,7.52712261,5.805,1,11
2023,246.2952568,1,5.425816151,5.682,19.87367678,5.682,1,11
1995,62.90721202,0,8.120315346,1.1,17.74273167,1.1,0,12
1996,66.55904207,0,5.651944465,1.071,10.6201756,1.071,0,12
1997,70.30351898,0,-2.753575153,0.873,19.55054228,0.873,0,12
1998,75.92409462,0,-7.634035286,3.404,10.06961338,3.404,0,12
1999,76.14027061,0,4.572307751,2.968,3.799122816,2.968,0,12
2000,77.35240025,0,4.455247043,2.389,4.907951431,2.389,0,12
2001,78.61085331,0,3.44424901,2.6,16.37719803,2.6,0,12
2002,79.15901385,0,6.149036052,1.82,1.305894999,1.82,0,12
2003,80.58731947,0,7.189243303,1.54,6.245641938,1.54,0,12
2004,82.8108439,0,6.289342143,1.51,5.792798147,1.51,0,12
2005,86.57076195,0,4.187638429,1.35,6.096479294,1.35,0,12
2006,90.58545884,0,4.967810892,1.22,8.155196702,1.22,0,12
2007,92.615969,0,5.435151691,1.18,6.252973595,1.18,0,12
2008,97.68066353,0,1.725698849,1.18,9.164783278,1.18,0,12
2009,96.85456244,0,-0.690618232,1.49,6.764416832,1.49,0,12
2010,100,0,7.513390533,0.622,10.9429051,0.622,0,12
2011,103.8087906,0,0.840132083,0.66,15.12096802,0.66,0,12
2012,106.9385213,0,7.242796202,0.58,10.37544782,0.58,0,12
2013,109.2750063,1,2.687495563,0.249,7.320850315,0.249,0,12
2014,111.3459226,1,0.984468864,0.576,4.647849566,0.576,0,12
2015,110.3433361,1,3.134047249,0.597,4.435636487,0.597,0,12
2016,110.5509468,1,3.435157717,0.688,4.221786503,0.688,0,12
2017,111.2868092,1,4.177681032,0.83,5.012770999,0.83,0,12
2018,112.4707868,1,4.222870287,0.766,4.667547639,0.766,0,12
2019,113.26565,1,2.114557796,0.716,3.636896985,0.716,0,12
2020,112.3074938,1,-6.050038469,1.099,10.15991614,1.099,0,12
2021,113.68932,1,1.568181765,1.215,4.805109326,1.215,0,12
2022,120.5986887,1,2.462769341,0.94,3.875771904,0.94,0,12
2023,122.0796723,1,1.882817461,0.913,1.950480913,0.913,0,12
1995,69.88282035,0,2.684430735,5.65,6.86921921,5.65,0,13
1996,71.93122852,0,3.772772686,5.451,7.865489455,5.451,0,13
1997,73.61275761,0,4.447127942,5,8.003497514,5,0,13
1998,74.75543306,0,4.483133346,4.511,9.601898069,4.511,0,13
1999,76.39110227,0,4.788425053,4.219,9.508532583,4.219,0,13
2000,78.97072076,0,4.077585758,3.992,8.110464485,3.992,0,13
2001,81.20256846,0,0.955538346,4.731,7.932796166,4.731,0,13
2002,82.49046688,0,1.700447324,5.783,4.452193306,5.783,0,13
2003,84.36307882,0,2.795605966,5.989,4.403693664,5.989,0,13
2004,86.62167812,0,3.847771692,5.529,5.742045727,5.529,0,13
2005,89.56053237,0,3.483549938,5.084,8.073506121,5.084,0,13
2006,92.44970508,0,2.784539639,4.623,9.002823932,4.623,0,13
2007,95.08699238,0,2.003858298,4.622,11.71348938,4.622,0,13
2008,98.73747739,0,0.113587248,5.784,8.175104501,5.784,0,13
2009,98.38641997,0,-2.576500234,9.254,5.512601154,9.254,0,13
2010,100,0,2.695192584,9.633,-2.752339916,9.633,0,13
2011,103.1568416,0,1.564406854,8.949,6.683355215,8.949,0,13
2012,105.2915045,0,2.289113388,8.069,4.901693384,8.069,0,13
2013,106.8338489,1,2.117830099,7.375,4.501113514,7.375,0,13
2014,108.5669321,1,2.523819814,6.168,5.178399554,6.168,0,13
2015,108.695722,1,2.945550455,5.28,3.143039763,5.28,0,13
2016,110.0670089,1,1.819451475,4.869,3.849431759,4.869,0,13
2017,112.4115573,1,2.457622304,4.355,4.801953964,4.355,0,13
2018,115.1573032,1,2.966505071,3.896,4.030420024,3.896,0,13
2019,117.2441955,1,2.467037563,3.669,8.39189902,3.669,0,13
2020,118.6905016,1,-2.213469333,8.055,17.19950635,8.055,0,13
2021,124.2664138,1,5.800206128,5.349,16.85668337,5.349,0,13
2022,134.2112062,1,1.935495895,3.65,-0.84280258,3.65,0,13
2023,139.7357936,1,2.542700299,3.625,1.776394992,3.625,0,13
1995,75.17172295,0,2.682328303,9.489,3.091412803,9.489,0,14
1996,76.35231826,0,1.688961208,9.62,8.863162775,9.62,0,14
1997,77.59015455,0,4.280166863,9.101,1.123269598,9.101,0,14
1998,78.36290784,0,3.89288653,8.279,-0.436546982,8.279,0,14
1999,79.72238122,0,5.14100348,7.583,8.514070382,7.583,0,14
2000,81.89038351,0,5.138539186,6.829,1.920485364,6.829,0,14
2001,83.95821408,0,1.875098132,7.219,22.42868212,7.219,0,14
2002,85.85432169,0,2.99925535,7.665,8.257570929,7.665,0,14
2003,88.22266743,0,1.806385135,7.574,4.411881779,7.574,0,14
2004,89.86119061,0,3.092363835,7.185,3.369756696,7.185,0,14
2005,91.85031483,0,3.210454357,6.758,16.48193252,6.758,0,14
2006,93.68918145,0,2.6379438,6.484,15.02153,6.484,0,14
2007,95.69261591,0,2.049904611,6.156,18.58977815,6.156,0,14
2008,97.96078993,0,0.99540631,6.284,2.719068588,6.284,0,14
2009,98.25414997,0,-2.915086239,8.46,0.505098058,8.46,0,14
2010,100,0,3.090806374,8.178,3.502975121,8.178,0,14
2011,102.9121351,0,3.13719439,7.637,6.64863972,7.637,0,14
2012,104.4719519,0,1.755661325,7.392,3.368926069,7.392,0,14
2013,105.4522038,1,2.325813574,7.143,3.815993543,7.143,0,14
2014,107.4627934,1,2.873466772,7.023,4.177405796,7.023,0,14
2015,108.6720092,1,0.649970994,6.945,6.648328353,6.945,0,14
2016,110.2246709,1,1.038550935,7.038,8.846852933,7.038,0,14
2017,111.9848311,1,3.033834903,6.426,10.06391824,6.426,0,14
2018,114.5248998,1,2.742963431,5.837,3.818226921,5.837,0,14
2019,116.7572982,1,1.908431925,5.69,7.056509363,5.69,0,14
2020,117.5944476,1,-5.038233441,9.657,18.1336662,9.657,0,14
2021,121.5870063,1,5.286956891,7.527,10.44753155,7.527,0,14
2022,129.8583286,1,3.819866339,5.28,2.728657593,5.28,0,14
2023,134.8955352,1,1.065994453,5.366,-1.294776602,5.366,0,14
1995,101.1307523,0,2.630999616,3.15,4.072829081,3.15,0,15
1996,101.2688973,0,3.133870993,3.383,3.803948848,3.383,0,15
1997,103.0388797,0,0.981228732,3.374,5.810078443,3.374,0,15
1998,103.7209705,0,-1.270330495,4.078,3.136390657,4.078,0,15
1999,103.366974,0,-0.333929958,4.677,2.802242025,4.677,0,15
2000,102.6676151,0,2.764647551,4.748,1.335564631,4.748,0,15
2001,101.9078177,0,0.386103426,5.02,-17.2393877,5.02,0,15
2002,100.9667051,0,0.041962499,5.386,0.923447005,5.386,0,15
2003,100.7076833,0,1.535125499,5.251,0.540504186,5.251,0,15
2004,100.6990493,0,2.186115694,4.734,0.621880971,4.734,0,15
2005,100.4141253,0,1.803900872,4.446,0.21933756,4.446,0,15
2006,100.664513,0,1.372350128,4.192,-0.713636118,4.192,0,15
2007,100.7249514,0,1.483969412,3.888,0.675827485,3.888,0,15
2008,102.1150352,0,-1.224289001,4.002,0.858167574,4.002,0,15
2009,100.7335855,0,-5.693236359,5.068,2.106388536,5.068,0,15
2010,100,0,4.097917919,5.103,1.814560216,5.103,0,15
2011,99.72754438,0,0.023809524,4.55,2.918055656,4.55,0,15
2012,99.68359993,0,1.374750999,4.358,2.208911981,4.358,0,15
2013,100.0175778,1,2.005100177,4.038,3.524882921,4.038,0,15
2014,102.7772895,1,0.296205514,3.589,2.855782816,3.589,0,15
2015,103.5946564,1,1.560626697,3.385,2.992415379,3.385,0,15
2016,103.462823,1,0.753826746,3.132,3.857303562,3.132,0,15
2017,103.9637898,1,1.675331752,2.822,3.477614688,2.822,0,15
2018,104.99209,1,0.643391023,2.467,2.336613374,2.467,0,15
2019,105.4842679,1,-0.402169201,2.351,2.082435827,2.351,0,15
2020,105.4579012,1,-4.147118899,2.809,7.345062457,2.809,0,15
2021,105.2118123,1,2.559320239,2.828,2.947269436,2.828,0,15
2022,107.8396906,1,0.954736938,2.6,2.204255951,2.6,0,15
2023,111.3640359,1,1.923055531,2.575,2.060748745,2.575,0,15
1995,67.63787721,0,3.883164804,8.473,8.518371715,8.473,0,16
1996,69.40686785,0,3.86393434,8.509,10.64895222,8.509,0,16
1997,69.56295525,0,3.913189432,8.367,7.310580377,8.367,0,16
1998,70.16129032,0,4.66325163,7.684,8.43035779,7.684,0,16
1999,71.20187305,0,5.027647469,6.876,11.7042581,6.876,0,16
2000,74.37565036,0,3.921517829,6.288,3.739909575,6.288,0,16
2001,77.65348595,0,2.025127315,6.747,10.93057636,6.747,0,16
2002,79.96878252,0,3.979633756,6.375,7.035917117,6.375,0,16
2003,82.15400624,0,3.090687182,5.933,12.76343495,5.933,0,16
2004,84.07908429,0,4.224321727,5.399,11.4182954,5.399,0,16
2005,86.34235172,0,3.154139257,5.036,8.50085421,5.036,0,16
2006,89.41207076,0,2.755298243,4.785,15.0631947,4.785,0,16
2007,91.49323621,0,3.773392681,4.381,18.2329858,4.381,0,16
2008,95.47346514,0,3.58622798,4.242,17.00474383,4.242,0,16
2009,97.16441207,0,1.892573609,5.565,3.207521582,5.565,0,16
2010,100,0,2.226538078,5.214,10.1307768,5.214,0,16
2011,103.3038502,0,2.40897178,5.083,7.967777688,5.083,0,16
2012,105.1248699,0,3.918409625,5.225,7.347916752,5.225,0,16
2013,107.7003122,1,2.606198447,5.663,6.747131992,5.663,0,16
2014,110.3798127,1,2.607401032,6.078,7.0328977,6.078,0,16
2015,112.0447451,1,2.201810153,6.055,5.984082435,6.055,0,16
2016,113.4755463,1,2.779142625,5.711,6.666188127,5.711,0,16
2017,115.6867846,1,2.318709387,5.592,4.521987656,5.592,0,16
2018,117.8980229,1,2.906363115,5.3,2.373822341,5.3,0,16
2019,119.7970864,1,2.181109106,5.159,14.05953319,5.159,0,16
2020,120.8116545,1,-0.334686359,6.456,13.66823252,6.456,0,16
2021,124.2715921,1,2.111830889,5.116,6.699811053,5.116,0,16
2022,132.4661811,1,4.268946393,3.701,7.841017065,3.701,0,16
2023,139.880333,1,3.016988104,3.667,3.93320687,3.667,0,16
1995,73.93194008,0,2.531670045,8.694,20.29133227,8.694,0,17
1996,76.04031811,0,2.582022529,8.189,14.50645895,8.189,0,17
1997,77.71407435,0,4.924928652,7.072,25.50521808,7.072,0,17
1998,79.12890697,0,3.414269874,6.198,20.84524489,6.198,0,17
1999,80.51599778,0,3.066176125,6.042,4.396703759,6.042,0,17
2000,81.4684668,0,4.318727058,5.558,11.06361358,5.558,0,17
2001,82.71684853,0,2.578741046,4.696,8.824681893,4.696,0,17
2002,83.97447753,0,1.791985616,5.037,4.994044679,5.037,0,17
2003,85.13038654,0,3.146572528,4.807,9.797748747,4.807,0,17
2004,86.31403736,0,2.426496549,4.594,9.821620212,4.594,0,17
2005,88.11725541,0,2.738842404,4.751,13.84953784,4.751,0,17
2006,90.28111707,0,2.386275368,5.35,14.09746979,5.35,0,17
2007,92.43573146,0,2.620331222,5.262,15.81154684,5.262,0,17
2008,95.69077122,0,-0.225726975,5.615,17.8034358,5.615,0,17
2009,97.56796745,0,-4.614957402,7.537,-0.065135083,7.537,0,17
2010,100,0,2.238688634,7.787,3.990035844,7.787,0,17
2011,103.8561124,0,1.145101541,8.038,-4.418049589,8.038,0,17
2012,106.5285741,0,1.512936749,7.885,0.76994028,7.885,0,17
2013,108.9698539,1,1.792322216,7.525,2.102305807,7.525,0,17
2014,110.5511374,1,3.195782466,6.11,-2.534401765,6.11,0,17
2015,110.9580174,1,2.220258322,5.301,1.97421476,5.301,0,17
2016,112.0769373,1,1.921063414,4.81,8.716838179,4.81,0,17
2017,114.9435916,1,2.655069668,4.33,8.296331613,4.33,0,17
2018,117.5790642,1,1.403792086,3.996,5.299826049,3.996,0,17
2019,119.6227113,1,1.641610996,3.737,-1.364158119,3.737,0,17
2020,120.8063621,1,-10.35990082,4.472,9.706440177,4.472,0,17
2021,123.8487146,1,8.674904114,4.826,9.732729491,4.826,0,17
2022,133.6600703,1,4.345228834,3.73,8.607499574,3.73,0,17
2023,142.7408914,1,0.104017849,4.055,-2.634766071,4.055,0,17
1995,80.4817043,0,1.544146496,8.158,3.781012633,8.158,0,18
1996,81.64846931,0,0.805822891,8.822,6.909678097,8.822,0,18
1997,83.23193685,0,1.792160821,9.861,1.442122931,9.861,0,18
1998,83.99033256,0,2.013932785,9.787,15.47096936,9.787,0,18
1999,84.48203974,0,1.887261154,8.854,1.700080266,8.854,0,18
2000,85.69880785,0,2.912502964,7.917,8.663346652,7.917,0,18
2001,87.39894991,0,1.681468481,7.773,16.46697533,7.773,0,18
2002,88.64071957,0,-0.197973835,8.482,7.42563374,8.482,0,18
2003,89.55746156,0,-0.700116686,9.779,2.147173702,9.779,0,18
2004,91.04925331,0,1.175088132,10.727,6.849751402,10.727,0,18
2005,92.45770436,0,0.731707164,11.167,10.52437522,11.167,0,18
2006,93.91615662,0,3.816441913,10.25,6.776717821,10.25,0,18
2007,96.07467298,0,2.976455131,8.658,18.10305975,8.658,0,18
2008,98.59988029,0,0.959879134,7.525,3.086764139,7.525,0,18
2009,98.90824058,0,-5.693836336,7.742,0.898645662,7.742,0,18
2010,100,0,4.179882499,6.967,6.468924485,6.967,0,18
2011,102.0751728,0,3.925192705,5.825,6.421327163,5.825,0,18
2012,104.1253413,0,0.418497594,5.379,4.495563411,5.379,0,18
2013,105.6921396,1,0.437591303,5.231,6.749028262,5.231,0,18
2014,106.6505496,1,2.209543431,4.981,6.11306502,4.981,0,18
2015,107.1991879,1,1.491931528,4.624,-5.326428848,4.624,0,18
2016,107.7263367,1,2.229999868,4.122,11.23851964,4.122,0,18
2017,109.3524602,1,2.680231114,3.746,6.081948626,3.746,0,18
2018,111.2466294,1,0.981232606,3.384,5.182916894,3.384,0,18
2019,112.8548771,1,1.075471636,3.136,3.97349821,3.136,0,18
2020,113.0183789,1,-3.826768716,3.856,12.15877408,3.856,0,18
2021,116.4842759,1,3.163819942,3.638,10.50191849,3.638,0,18
2022,124.4897444,1,1.806208967,3.135,5.546702093,3.135,0,18
2023,131.8924482,1,-0.304934576,3.045,0.433210482,3.045,0,18
1995,79.46910908,0,2.106629158,11.834,35.6192231,11.834,0,19
1996,81.04488905,0,1.412993673,12.367,31.21652824,12.367,0,19
1997,82.02062327,0,2.336296529,12.566,29.05651653,12.566,0,19
1998,82.55468159,0,3.588659425,12.074,25.17693701,12.074,0,19
1999,82.99811716,0,3.421373799,11.981,19.58862675,11.981,0,19
2000,84.38913231,0,3.923669227,10.218,11.55692431,10.218,0,19
2001,85.76870964,0,1.983721419,8.61,14.61295537,8.61,0,19
2002,87.41839554,0,1.135531482,8.702,-1.997074566,8.702,0,19
2003,89.25284626,0,0.823160757,8.307,5.369490002,8.307,0,19
2004,91.16472224,0,2.829752929,8.914,3.787939136,8.914,0,19
2005,92.75633919,0,1.66321998,8.882,15.04322999,8.882,0,19
2006,94.31012335,0,2.449323601,8.833,15.96432861,8.833,0,19
2007,95.71345616,0,2.424736243,8.009,13.38884088,8.009,0,19
2008,98.40574355,0,0.25494596,7.386,18.62562853,7.386,0,19
2009,98.49196713,0,-2.873313828,9.122,8.105308977,9.122,0,19
2010,100,0,1.949437623,9.279,8.80524277,9.279,0,19
2011,102.111598,0,2.192700633,9.228,12.48647352,9.228,0,19
2012,104.107058,0,0.313134751,9.841,4.527973972,9.841,0,19
2013,105.0062468,1,0.576326675,9.913,6.239445547,9.913,0,19
2014,105.5394253,1,0.956183052,10.273,8.18416125,10.273,0,19
2015,105.5790178,1,1.112912341,10.354,9.062074488,10.354,0,19
2016,105.7725809,1,1.095464404,10.057,9.566168277,10.057,0,19
2017,106.864453,1,2.291419994,9.41,4.65390466,9.41,0,19
2018,108.8423164,1,1.865066071,9.018,9.164741851,9.018,0,19
2019,110.0485668,1,1.842971814,8.415,8.264049514,8.415,0,19
2020,110.5729469,1,-7.540459162,8.01,16.42930934,8.01,0,19
2021,112.3889211,1,6.435209621,7.874,8.91363802,7.874,0,19
2022,118.2582836,1,2.454758177,7.308,5.247237023,7.308,0,19
2023,124.0273452,1,0.703718547,7.323,8.538155756,7.323,0,19
1995,36.64031594,0,4.223793634,7.092,44.30215492,7.092,0,20
1996,42.4139744,0,2.20886405,8.035,31.03490423,8.035,0,20
1997,45.35186848,0,3.394845986,9.003,17.24332067,9.003,0,20
1998,46.80089527,0,0.338097901,10.15,12.01934813,10.15,0,20
1999,49.0746922,0,0.467937566,11.125,18.1153445,11.125,0,20
2000,52.53158274,0,4.387949447,10.892,19.70463724,10.892,0,20
2001,56.1249316,0,1.389896401,10.649,38.40780807,10.649,0,20
2002,60.86758058,0,3.053461859,10.641,6.143616107,10.641,0,20
2003,69.8241962,0,1.140828998,11.169,18.58424658,11.169,0,20
2004,74.43062767,0,5.759964637,10.072,13.56683041,10.072,0,20
2005,79.54366733,0,3.202132061,10.551,18.35230376,10.551,0,20
2006,82.87143085,0,3.961988711,9.692,16.75810284,9.692,0,20
2007,85.88900587,0,6.069870607,9.28,22.01997379,9.28,0,20
2008,90.76629373,0,5.094195447,8.268,17.88245818,8.268,0,20
2009,95.20298175,0,-0.125812002,9.419,15.69467992,9.419,0,20
2010,100,0,7.528225818,8.424,13.71888687,8.424,0,20
2011,106.6364496,0,3.974423079,7.578,16.5779268,7.578,0,20
2012,112.3985493,0,1.921175986,7.251,13.20689898,7.251,0,20
2013,119.3721044,1,3.004822669,7.071,10.13768984,7.071,0,20
2014,126.9272129,1,0.50395574,6.755,12.91188705,6.755,0,20
2015,138.3886146,1,-3.545763393,8.538,11.55896755,8.538,0,20
2016,150.4825942,1,-3.275916908,11.58,11.39080224,11.58,0,20
2017,155.6687862,1,1.322869054,12.792,4.190150913,12.792,0,20
2018,161.3738142,1,1.783666762,12.33,7.104205464,12.33,0,20
2019,167.3978603,1,1.220777824,11.936,8.136261479,11.936,0,20
2020,172.7742913,1,-3.276758796,13.697,17.02427159,13.697,0,20
2021,187.1174251,1,4.762604379,13.159,12.25920825,13.159,0,20
2022,204.4821206,1,3.016694354,9.231,13.27717587,9.231,0,20
2023,213.8751353,1,2.908480487,7.95,14.58202304,7.95,0,20
1995,43.38757074,0,3.100000001,19.799,16.03137115,19.799,0,21
1996,46.57834189,0,4.299999997,19.643,14.27893998,19.643,0,21
1997,50.58304647,0,2.600000001,19.679,17.81320821,19.679,0,21
1998,54.06343645,0,0.5,19.821,13.65295031,19.821,0,21
1999,56.86472951,0,2.399999997,19.926,10.90725175,19.926,0,21
2000,59.90070957,0,4.200000001,19.841,7.21505698,19.841,0,21
2001,63.31618824,0,2.7,19.725,20.18987632,19.725,0,21
2002,69.32787714,0,3.700374404,19.658,18.28619072,19.658,0,21
2003,73.26529688,0,2.949075468,19.728,13.35060168,19.728,0,21
2004,72.75827884,0,4.554559907,19.634,13.15299783,19.634,0,21
2005,74.25917021,0,5.277051973,19.557,20.6974499,19.557,0,21
2006,76.6680692,0,5.603806459,19.425,22.62300989,19.425,0,21
2007,81.40447442,0,5.360474054,19.39,23.9311377,19.39,0,21
2008,89.60562967,0,3.191043886,19.507,14.7382135,19.507,0,21
2009,96.07095734,0,-1.538089135,20.512,1.761085955,20.512,0,21
2010,100,0,3.039732881,23.181,6.934029883,23.181,0,21
2011,104.999267,0,3.168556279,21.416,8.341284534,21.416,0,21
2012,111.0101158,0,2.396232385,21.786,5.171730257,21.786,0,21
2013,117.4314617,1,2.485468008,22.038,5.916590728,22.038,0,21
2014,124.6298197,1,1.413826452,22.606,7.279487973,22.606,0,21
2015,130.288814,1,1.321862237,22.869,10.32364558,22.869,0,21
2016,138.8506084,1,0.664552308,24.023,6.079448927,24.023,0,21
2017,146.0489664,1,1.157946952,23.992,6.425536378,23.992,0,21
2018,152.6462396,1,1.556783847,24.218,5.599615663,24.218,0,21
2019,158.9356399,1,0.259935577,25.538,6.110245232,25.538,0,21
2020,164.0375312,1,-5.963358184,24.339,9.427326461,24.339,0,21
2021,171.6024043,1,4.703062065,28.77,5.709985199,28.77,0,21
2022,183.6827445,1,1.91040617,28.838,8.637725943,28.838,0,21
2023,194.8394664,1,0.601662303,27.988,7.593742777,27.988,0,21
1995,26.39411793,0,-5.910299624,7.095,31.85574352,7.095,0,21
1996,35.46798894,0,6.218297159,5.465,27.01118486,5.465,0,21
1997,42.78348465,0,7.198876153,4.235,56.84953317,4.235,0,21
1998,49.59820709,0,6.185078931,3.733,17.44889536,3.733,0,21
1999,57.82437574,0,2.755030393,2.598,18.74792479,2.598,0,21
2000,63.31281192,0,5.029283994,2.646,-4.487430895,2.646,0,21
2001,67.34440594,0,-0.450845253,2.627,18.84413571,2.627,0,21
2002,70.73231938,0,-0.236588002,3.003,5.071610438,3.003,0,21
2003,73.94844729,0,1.185544867,3.455,9.342885395,3.455,0,21
2004,77.41545284,0,3.565441009,3.937,13.04610643,3.937,0,21
2005,80.50282534,0,2.113247126,3.558,9.968495525,3.558,0,21
2006,83.42464932,0,4.805013527,3.566,6.69259611,3.566,0,21
2007,86.73397923,0,2.077863934,3.628,10.14778437,3.628,0,21
2008,91.1790807,0,0.943331863,3.874,8.898940673,3.874,0,21
2009,96.00916106,0,-6.295250558,5.356,11.52443575,5.356,0,21
2010,100,0,4.971334583,5.303,12.76380386,5.303,0,21
2011,103.4073782,0,3.444045058,5.175,9.978575656,5.175,0,21
2012,107.6589827,0,3.55321076,4.892,10.08395064,4.892,0,21
2013,111.7569043,1,0.852101559,4.921,8.27958287,4.921,0,21
2014,116.2479852,1,2.503763503,4.819,12.19263795,4.819,0,21
2015,119.4106751,1,2.702323426,4.311,12.18890483,4.311,0,21
2016,122.7800955,1,1.772493238,3.853,12.3347319,3.853,0,21
2017,130.1978025,1,1.871728533,3.419,11.2247048,3.419,0,21
2018,136.5766487,1,1.972082094,3.275,4.528957051,3.275,0,21
2019,141.542523,1,-0.251335755,3.477,4.700053589,3.477,0,21
2020,146.3504877,1,-8.624555731,4.441,13.44001459,4.441,0,21
2021,154.6766721,1,5.739208338,4.019,9.507690063,4.019,0,21
2022,166.8903693,1,3.948999999,3.256,7.324278335,3.256,0,21
2023,176.1160036,1,3.228736756,2.812,11.01773619,2.812,0,21